{
  "version" : 0.0,
  "dataset" : {
    "item_count" : 10496,
    "evaluation_time" : "2023-05-01T10:09:14.44Z"
  },
  "multiclass_classification_metrics" : {
    "confusion_matrix" : {
      "2" : {
        "2" : 0,
        "0" : 24,
        "1" : 0
      },
      "0" : {
        "2" : 0,
        "0" : 9098,
        "1" : 0
      },
      "1" : {
        "2" : 0,
        "0" : 1374,
        "1" : 0
      }
    },
    "accuracy" : {
      "value" : 0.8668064024390244,
      "standard_deviation" : 0.0012940770607314247
    },
    "weighted_recall" : {
      "value" : 0.8668064024390244,
      "standard_deviation" : 0.0012940770607314247
    },
    "weighted_precision" : {
      "value" : 0.7513533393092839,
      "standard_deviation" : 0.0022445452134034383
    },
    "weighted_f0_5" : {
      "value" : 0.7719161984055287,
      "standard_deviation" : 0.002100348980608939
    },
    "weighted_f1" : {
      "value" : 0.804961176828646,
      "standard_deviation" : 0.0018458339588151053
    },
    "weighted_f2" : {
      "value" : 0.8409619358247573,
      "standard_deviation" : 0.0015366009894817606
    },
    "accuracy_best_constant_classifier" : {
      "value" : 0.8668064024390244,
      "standard_deviation" : 0.0012940770607314247
    },
    "weighted_recall_best_constant_classifier" : {
      "value" : 0.8668064024390244,
      "standard_deviation" : 0.0012940770607314247
    },
    "weighted_precision_best_constant_classifier" : {
      "value" : 0.7513533393092839,
      "standard_deviation" : 0.0022445452134034383
    },
    "weighted_f0_5_best_constant_classifier" : {
      "value" : 0.7719161984055287,
      "standard_deviation" : 0.002100348980608939
    },
    "weighted_f1_best_constant_classifier" : {
      "value" : 0.804961176828646,
      "standard_deviation" : 0.0018458339588151053
    },
    "weighted_f2_best_constant_classifier" : {
      "value" : 0.8409619358247573,
      "standard_deviation" : 0.0015366009894817606
    }
  }
}