{
    "explanations": {
        "kernel_shap": {
            "0": {
                "expected_value": -0.12470047921542321,
                "global_shap_values": {
                    "ACV": 0.001172513574878006,
                    "AGECOND": 0.0013238264278356857,
                    "ALI": 0.005527853474803412,
                    "CAR": 0.0057978032799275315,
                    "CLA": 0.0032226625075829347,
                    "CSP": 0.004056792390140914,
                    "ENE": 0.000488319777688101,
                    "GARAGE": 0.0008466274197731042,
                    "K8000": 0.0035673914667162915,
                    "PERMIS": 0.006491295283436731,
                    "RM": 0.0053977263539670625,
                    "SEGM": 0.0008317395121388695,
                    "SEX": 0.007983301565260626,
                    "STATUT": 0.002640598404588294,
                    "USAGE": 0.0018109611316855618,
                    "VIT": 0.0003399183583713684
                }
            },
            "1": {
                "expected_value": -0.9792950588864926,
                "global_shap_values": {
                    "ACV": 0.0025867813797543003,
                    "AGECOND": 0.00124820559662644,
                    "ALI": 0.0002699828988427492,
                    "CAR": 0.004397862680359573,
                    "CLA": 0.0019346828040340677,
                    "CSP": 0.00396499453598856,
                    "ENE": 0.0005762724333397499,
                    "GARAGE": 0.0005762490347609847,
                    "K8000": 0.00895214521461484,
                    "PERMIS": 0.04680074654774123,
                    "RM": 0.0029588304838242666,
                    "SEGM": 0.0007464572354372503,
                    "SEX": 0.003916396619052852,
                    "STATUT": 0.0041991084949303675,
                    "USAGE": 0.007281443661859268,
                    "VIT": 0.0008474014999225756
                }
            },
            "2": {
                "expected_value": -1.0558511544533837,
                "global_shap_values": {
                    "ACV": 0.0033036222886939797,
                    "AGECOND": 0.002786275176509319,
                    "ALI": 0.00022495604373391168,
                    "CAR": 0.004150329984395054,
                    "CLA": 0.0007994929578362868,
                    "CSP": 0.003003908433191643,
                    "ENE": 0.0010076799767173383,
                    "GARAGE": 0.00033786237811760247,
                    "K8000": 0.00453090846142986,
                    "PERMIS": 0.0012678746065654264,
                    "RM": 0.0043981065690634,
                    "SEGM": 0.0006829299220851305,
                    "SEX": 0.005013590943788422,
                    "STATUT": 0.005230699217921879,
                    "USAGE": 0.05180638429436023,
                    "VIT": 0.0004762317311564849
                }
            }
        }
    },
    "version": "1.0"
}