{
    "explanations": {
        "kernel_shap": {
            "0": {
                "expected_value": 0.06899028280057802,
                "global_shap_values": {
                    "ACV": 0.007257368342845882,
                    "AGECOND": 0.012085304539599898,
                    "ALI": 0.02601399852830148,
                    "CAR": 0.007257368342845886,
                    "CLA": 0.03171883647651065,
                    "CSP": 0.023205451422547946,
                    "ENE": 0.02320545142254795,
                    "GARAGE": 0.004452533959139938,
                    "K8000": 0.004452533959139936,
                    "PERMIS": 0.06442789803753864,
                    "RM": 0.06442789803753864,
                    "SEGM": 0.012085304539599903,
                    "SEX": 0.03171883647651065,
                    "STATUT": 0.02601399852830148,
                    "USAGE": 0.008793623316010414,
                    "VIT": 0.008793623316010413
                }
            },
            "1": {
                "expected_value": -0.06899028280057808,
                "global_shap_values": {
                    "ACV": 0.001311252182029792,
                    "AGECOND": 0.01949202719456171,
                    "ALI": 0.22892310783636563,
                    "CAR": 0.0013112521820297924,
                    "CLA": 0.01725329435449898,
                    "CSP": 0.005636769488530301,
                    "ENE": 0.0056367694885302985,
                    "GARAGE": 0.005197271216505706,
                    "K8000": 0.005197271216505699,
                    "PERMIS": 0.3953981109166418,
                    "RM": 0.3953981109166418,
                    "SEGM": 0.01949202719456171,
                    "SEX": 0.017253294354498974,
                    "STATUT": 0.22892310783636555,
                    "USAGE": 0.09189967670534696,
                    "VIT": 0.09189967670534696
                }
            }
        }
    },
    "version": "1.0"
}