{
    "explanations": {
        "kernel_shap": {
            "label0": {
                "expected_value": 138.90750122070312,
                "global_shap_values": {
                    "ACV": 51.26943929759573,
                    "AGECOND": 0.5395072054330968,
                    "ALI": 3.9781551667467605,
                    "CAR": 0.3549757721956131,
                    "CLA": 0.05685198127221435,
                    "CSP": 0.5996770370526106,
                    "ENE": 0.21154600943822433,
                    "GARAGE": 6.063705113424841e-07,
                    "K8000": 0.1242644048408574,
                    "PERMIS": 35.623462363476044,
                    "RM": 4.883267266576531,
                    "SEGM": 0.0027660854162083045,
                    "SEX": 5.802092167837439e-07,
                    "STATUT": 5.972723492494309e-07,
                    "USAGE": 0.16790829099815316,
                    "VIT": 0.054936589663443634
                }
            }
        }
    },
    "version": "1.0"
}