{
    "explanations": {
        "kernel_shap": {
            "0": {
                "expected_value": 0.10419606387475762,
                "global_shap_values": {
                    "ACV": 0.003103016147561816,
                    "AGECOND": 0.005364982466411856,
                    "ALI": 0.003274998650077887,
                    "CAR": 0.0031030161475618144,
                    "CLA": 0.004226865187749523,
                    "CSP": 0.012028690643384486,
                    "ENE": 0.012028690643384481,
                    "GARAGE": 0.002444690321259018,
                    "K8000": 0.002444690321259018,
                    "PERMIS": 0.009541547320331465,
                    "RM": 0.00954154732033147,
                    "SEGM": 0.005364982466411858,
                    "SEX": 0.004226865187749521,
                    "STATUT": 0.003274998650077887,
                    "USAGE": 0.004464922364498142,
                    "VIT": 0.004464922364498143
                }
            },
            "1": {
                "expected_value": -0.1041960638747577,
                "global_shap_values": {
                    "ACV": 0.0009148332725721732,
                    "AGECOND": 0.009007958848336266,
                    "ALI": 0.06633256127857359,
                    "CAR": 0.0009148332725721739,
                    "CLA": 0.009331881374203101,
                    "CSP": 0.00321152182962554,
                    "ENE": 0.0032115218296255347,
                    "GARAGE": 0.0015311215880644945,
                    "K8000": 0.0015311215880644943,
                    "PERMIS": 0.09337099511344224,
                    "RM": 0.09337099511344224,
                    "SEGM": 0.009007958848336262,
                    "SEX": 0.0093318813742031,
                    "STATUT": 0.06633256127857359,
                    "USAGE": 0.037986054823790576,
                    "VIT": 0.03798605482379057
                }
            }
        }
    },
    "version": "1.0"
}